题号,题库名称,题型编码,题型名称,题干,选项A,选项B,选项C,选项D,选项E,正确答案
1,评茶员初赛理论题库,single_choice,单选题,一个企业、一个单位增强凝聚力和提高竞争力的力量源泉，来自于()。,职业规范,职业准测,职业道德,职业技能,,C
2,评茶员初赛理论题库,single_choice,单选题,在职业活动中，()的提高有利于人的思想道德水平的全面提高。,职业道德,学识水平,自身素养,家庭道德,,A
3,评茶员初赛理论题库,single_choice,单选题,属于评茶员职业道德规范的是()。,爱国守法，明礼诚信,热爱专业，忠于职守,"热爱本职,精业勤业","忠于职守,爱岗敬业",,D
4,评茶员初赛理论题库,single_choice,单选题,对茶类品质客观评定茶叶优劣，()，是评茶人员必须具备的职业道德。,忠于职守,实事求是,宽厚待人,遵纪守法,,B
5,评茶员初赛理论题库,single_choice,单选题,茶业不断发展，茶类不断创新，所以职业守则要求评茶员应()。,科学严谨，不断进取,注重调查，实事求是,了解市场，深入群众,爱岗敬业，遵纪守法,,A
6,评茶员初赛理论题库,single_choice,单选题,"爱岗敬业，(),是指评茶人员要有强烈的职业荣誉感和工作责任心。",实事求是,忠于职守,讲究公德,吃苦耐劳,,B
7,评茶员初赛理论题库,single_choice,单选题,集体主义是从业者正确处理国家集体个人关系的根本准则，因此职业守则要求评茶员应()。,"热爱本职,精业勤业",严守规范，自尊自爱,团结共事，宽厚待人,精通业务，一丝不苟,,C
8,评茶员初赛理论题库,single_choice,单选题,我国茶类丰富，等级各异，评茶员要做到()，不以个人爱好确定茶叶的品质。,"忠于职守,爱岗敬业",团结共事，宽厚待人,科学严谨，讲究公德,注重调查，实事求是,,D
9,评茶员初赛理论题库,single_choice,单选题,有下列()情况，不适合当评茶员。,口才较差,身体肥胖,色盲,爱好甜食,,C
10,评茶员初赛理论题库,single_choice,单选题,"增强职业道德，可以(),增强企业内部凝聚力。",协调员工之间的关系,增加员工福利,为员工创造发展空间,调节企业与社会的关系,,A
11,评茶员初赛理论题库,single_choice,单选题,职业道德是指()对道德的要求，是从事这一行业的行为标准和要求。,职业认知,职业特点,职业习惯,职业本质,,B
12,评茶员初赛理论题库,single_choice,单选题,评茶员需具备()和()等基本条件，才能克服感官感受带来的主观性影响。,职业道德、职业特点,职业道德、职业素养,职业道德、身体素质,职业素养、职业规范,,C
13,评茶员初赛理论题库,single_choice,单选题,在进行审评前()小时开始，要求评茶人员不得饮酒、吸烟和食用刺激性食物。,1,2,3,4,,A
14,评茶员初赛理论题库,single_choice,单选题,位于中国南部地区，属茶树生态（ ）。,次适宜区,适宜区,最古老茶区,最适宜区,,D
15,评茶员初赛理论题库,single_choice,单选题,（ ）在我国为产量最多、分布最广的一种茶。,蒸青绿茶,炒青绿茶,烘青绿茶,晒青绿茶,,B
16,评茶员初赛理论题库,single_choice,单选题,（ ）茶品质特点：外形条索粗壮肥硕，白毫显露，色泽深绿油润，香味浓醇，富有收敛性，耐冲泡，汤色黄绿明亮，叶底肥厚。,蒸青,长炒青,烘青,滇青,,D
17,评茶员初赛理论题库,single_choice,单选题,必须注意审评室的隔音密封性，并将外源声音音量控制在（ ）以下。,60 分贝,65 分贝,70 分贝,75 分贝,,A
18,评茶员初赛理论题库,single_choice,单选题,茶叶感官审评的工作室，房屋采取（ ），室内墙壁和天花板为白色，水磨石地面或铺地板、瓷砖。,东西朝向,南北朝向,东南朝向,西南朝向,,B
19,评茶员初赛理论题库,single_choice,单选题,精制茶审评杯为特制白色圆柱形瓷杯，杯盖有小孔，在杯柄对面杯口上有齿形或弧形缺口，容量为（ ）毫升。,110,150,200,310,,B
20,评茶员初赛理论题库,single_choice,单选题,精制茶审评碗为白色瓷碗，碗口稍大于碗底，容量一般为（ ）毫升。,110,150,200,300,,C
21,评茶员初赛理论题库,single_choice,单选题,常用感量为( )的托盘天平或电子天平。,0.01 克,0.1 克,1 克,0.001 克,,B
22,评茶员初赛理论题库,single_choice,单选题,取样件数按下列规定执行：1～5 件，取样( )。,1 件,2 件,3 件,4 件,,A
23,评茶员初赛理论题库,single_choice,单选题,大包装茶在产品包装过程中取样时，应在茶叶定量装件时，每装若干件后（按取样数量规定），用取样工具取出样品约（ ）。,100 克,250 克,500 克,1000 克,,B
24,评茶员初赛理论题库,single_choice,单选题,最适合评茶要求的茶汤温度是( )。,20℃～25℃,25℃～35℃,45℃～55℃,55℃～75℃,,C
25,评茶员初赛理论题库,single_choice,单选题,国家标准的标准代号是：（ ）。,GB，GB／T,"xx,xx/T",DBxx/xxx—xxxx,"Q/xxx,xxx-xxxx",,A
26,评茶员初赛理论题库,single_choice,单选题,地方标准的标准代号是：（ ）。,GB，GB／T,"xx,xx/T",DBxx/xxx—xxxx,"Q/xxx,xxx-xxxx",,C
27,评茶员初赛理论题库,single_choice,单选题,茶叶标准样品有效期为( )。,1～4 年,1～5 年,1～3 年,4 年,,C
28,评茶员初赛理论题库,single_choice,单选题,包装物或包装容器最大表面面积大于（ ）平方厘米时，强制标示内容的文字、符号、数字的高度不得小于 1.8 毫米。,35,45,50,25,,A
29,评茶员初赛理论题库,single_choice,单选题,( )主要作为茶叶的外包装，是较普遍的包装材料，具有较好的化学稳定性和综合防护性能，加工性能也好，深受生产企业的欢迎。,纸包装材料,金属包装材料,复合薄膜,玻璃包装材料和陶瓷包装材料,,B
30,评茶员初赛理论题库,single_choice,单选题,金属材料中的（ ）由于价格昂贵，主要用于陈列茶叶的包装。,锡质材料,铁质材料,铜质材料,铝质材料,,A
31,评茶员初赛理论题库,single_choice,单选题,当产品包装物或包装容器的最大表面面积小于（ ）时，可以只标示产品名称、净含量、制造者（或经销商）的名称和地址。,1 平方厘米,5 平方厘米,10 平方厘米,15 平方厘米,,C
32,评茶员初赛理论题库,single_choice,单选题,非强制性项目标示的是（ )。,饮用方法,产品名称,净含量及固形物重量,制造者、经销者的名称和地址,,A
33,评茶员初赛理论题库,single_choice,单选题,非强制性项目标示的是（ )。,产品名称,净含量,制造者,批号,,D
34,评茶员初赛理论题库,single_choice,单选题,（ ）是以成熟的新梢为原料加工的。,红毛茶,白毛茶,青毛茶,黑毛茶,,D
35,评茶员初赛理论题库,single_choice,单选题,（ ）有长条形、圆形、扁形、卷曲形等不同形状，这些都是在杀青以后用各种不同造型手法制成。,蒸青类绿茶,炒青类绿茶,烘青类绿茶,晒青类绿茶,,B
36,评茶员初赛理论题库,single_choice,单选题,中国地区中，茶树生态最适宜区是（ ）。,江南茶区,华中茶区,西南茶区,华南茶区,,D
37,评茶员初赛理论题库,single_choice,单选题,（ ）是红茶历史上最早出现的一个茶类。,小种红茶,工夫红茶,红碎茶,大叶种红茶,,A
38,评茶员初赛理论题库,single_choice,单选题,（ ）原料细嫩，制工精细，外形条索细嫩紧直、匀齐，色泽乌润，香气馥郁，滋味醇和而甘浓，汤色叶底红艳而明亮，具有形、质兼优的品质特征。,小种红茶,工夫红茶,红碎茶,大叶种红茶,,B
39,评茶员初赛理论题库,single_choice,单选题,( )的品质要求是：叶色乌润（红而不枯），汤色红亮，滋味浓、强、鲜。,小种红茶,工夫红茶,红碎茶,大叶种红茶,,C
40,评茶员初赛理论题库,single_choice,单选题,毛茶开汤有时以( )、200 毫升容量审评杯冲泡 5 分钟的方式操作。,2 克茶,3 克茶,4 克茶,5 克茶,,C
41,评茶员初赛理论题库,single_choice,单选题,审评环境温度一般以（ ）为宜。,5℃～15℃,20℃～27℃,0℃～15℃,25℃～30℃,,B
42,评茶员初赛理论题库,single_choice,单选题,取有代表性的茶样（ ）放入样盘中，评其外形。,50～100 克,100～150 克,150～200 克,200～250 克,,C
43,评茶员初赛理论题库,single_choice,单选题,中国已制定的茶叶标准有()、检验方法标准以及与茶行业有关的茶机标准、茶园中农药安全使用标准等。,茶叶产品标准,茶叶取样标准,茶叶加工标准,茶叶生产标准,,A
44,评茶员初赛理论题库,single_choice,单选题,作为商品包装最好的载体，()是宣传商品的亮点，能促进商品的竞争力。,礼盒,商标,配料表,内容物,,B
45,评茶员初赛理论题库,single_choice,单选题,在确定企业标准样时，同级茶叶，企业品质水平要()于行业标准或国家标准。,低,等同,高,略高,,C
46,评茶员初赛理论题库,single_choice,单选题,在茶叶贮存过程中，()能和可溶性糖反应，使茶汤变浑，()下降。,茶多酚，浓度,香气物质，鲜爽度,维生素，甜度,氨基酸，鲜爽度,,D
47,评茶员初赛理论题库,single_choice,单选题,"茶叶标准建立了以()为主体,地方标准和企业标准为补充的标准体系。",国家标准，国际标准,国际标准，行业标准,国家标准，行业标准,国家标准，实物标准,,C
48,评茶员初赛理论题库,single_choice,单选题,区别鲜叶原料老嫩和茶叶品质好坏的重要标志之一，是看茶叶中()的含量高低。,水溶性灰分,水分,蛋白质,叶绿素,,A
49,评茶员初赛理论题库,single_choice,单选题,下列不在包装设计应考虑的因素的是()。,商标最好体现在包装上,根据消费者群体爱好设计,追求华丽包装的行为,灵活运用小包装,,C
50,评茶员初赛理论题库,single_choice,单选题,茶叶包装标志应使用规范的汉字，同时可使用拼音或少数民族文字以及外文，但必须与汉字对应，并()。,与相应汉字一样大,不得大于相应汉字,可大于相应汉字,没有明确规定,,B
51,评茶员初赛理论题库,single_choice,单选题,在选择茶叶的包装过程中，应把原材料的()放在首位。,美观性,功能性,可塑性,安全性,,D
52,评茶员初赛理论题库,single_choice,单选题,茶叶包装效果的好坏，最终是由包装()设计来体现的。,内容,色彩,材质,形态,,B
53,评茶员初赛理论题库,single_choice,单选题,在自然条件下，()是一种极易氧化的物质，在储存过程中，()比其他茶类更容易氧化。,茶多酚，绿茶,维生素，绿茶,脂类，红茶,氨基酸，白茶,,A
54,评茶员初赛理论题库,single_choice,单选题,精品名优绿茶中，以()贮存，效果最好。,灰缸贮藏法,抽气充氮,脱氧保鲜法,常温,,C
55,评茶员初赛理论题库,single_choice,单选题,当含水率超过()时，茶叶内部化学反应会加速，茶叶很快会发生变质或霉变。,4%,6%,7%,12%,,D
56,评茶员初赛理论题库,single_choice,单选题,由于速溶茶需审评茶样的溶解状态，需使用（ ）器皿进行冲泡，器皿容积一般不少于200 毫升。,白色,黑色,黄色,透明玻璃,,D
57,评茶员初赛理论题库,single_choice,单选题,茶叶审评盘有正方形和长方形两种，用无气味的木板制成，上涂白漆并编号，盘的一角为一倾斜形缺口，正方形审评盘的规格长宽高一般分别为（ ）。,220 毫米，220 毫米，30 毫米,110 毫米，110 毫米，30 毫米,220 毫米，220 毫米，40 毫米,110 毫米，110 毫米，40 毫米,,A
58,评茶员初赛理论题库,single_choice,单选题,若审评室自然采光不足，可以灯光弥补，除（ ）外，其他色调的灯具都不适合于审评室使用。,黄色日光灯,白色日光灯,白炽灯,乳白色灯,,B
59,评茶员初赛理论题库,single_choice,单选题,专供茶叶感官审评的工作室，由（ ）面自然采光，无太阳直射，室内光线应明快柔和。,东,西,南,北,,D
60,评茶员初赛理论题库,single_choice,单选题,茶叶感官审评需要的设备主要涉及审评的环境和（ ）。,专业技术,专业人才,器具,专业茶样,,C
61,评茶员初赛理论题库,single_choice,单选题,叶底盘为木质方形小盘，其规格中，长和宽分别为（ ）。,100*100 毫米,120*120 毫米,150*150 毫米,200*200 毫米,,A
62,评茶员初赛理论题库,single_choice,单选题,审评表是用于审评记录的表格。表内分为（ ）个栏目，可设置计分栏。,8,7,6,5,,D
63,评茶员初赛理论题库,single_choice,单选题,碗橱用于盛放审评杯、碗、汤碗、汤匙、网匙等。橱的高度上开设（ ）格，设置 5 只抽屉。,4,5,6,7,,B
64,评茶员初赛理论题库,single_choice,单选题,茶叶贮存桶用于放置有保存价值的茶叶。要求密封性好，桶内常放（ ）干燥剂。,活性炭,干燥剂,生石灰,熟石灰,,C
65,评茶员初赛理论题库,single_choice,单选题,干评台台面漆成无反射光的黑色，靠（ ）安放。,东窗口,南窗口,西窗口,北窗口,,D
66,评茶员初赛理论题库,single_choice,单选题,干评台的高度为 850-900 毫米，宽度一般为（ ）毫米，长度视需要而定。,600,700,800,900,,A
67,评茶员初赛理论题库,single_choice,单选题,样茶称常用感量为（ ）克的托盘或电子天平。,0.1,0.01,0.5,0.05,,A
68,评茶员初赛理论题库,single_choice,单选题,在某些（ ）的审评中，由于茶样数量较大，因为审评杯（碗）的容积也较大，比如评茶杯为 310 毫升，评茶碗为 380 毫升。,毛茶,精制茶,再制茶,紧压茶,,D
69,评茶员初赛理论题库,single_choice,单选题,专供茶叶感官审评的工作室，（ ）采光墙的开窗面积应不少于 35%。,正东,正西,正南,正北,,D
70,评茶员初赛理论题库,single_choice,单选题,专供茶叶感官审评的工作室，一般应置于（ ）层楼以上。,一,二,三,四,,B
71,评茶员初赛理论题库,single_choice,单选题,审评环境温度一般以（ ）为宜。,12-18℃,15-18℃,20-27℃,28-32℃,,C
72,评茶员初赛理论题库,single_choice,单选题,天平使用的环境应清洁，无明显（ ）流动和振动，并在常温下工作。,空气,水汽,香气,电磁,,A
73,评茶员初赛理论题库,single_choice,单选题,茶样盘还要备几只大规格的供拼配茶样和分样使用，长宽高的规格分别（ ）。,220 毫米，220 毫米，40 毫米,220 毫米，220 毫米，50 毫米,350 毫米，350 毫米，50 毫米,300 毫米，300 毫米，50 毫米,,C
74,评茶员初赛理论题库,single_choice,单选题,专供茶叶感官审评的工作室，正北采光的开窗面积应不少于（ ）。,0.2,0.35,0.5,0.65,,B
75,评茶员初赛理论题库,single_choice,单选题,审评环境必须保持安静，要注意审评室的隔音密封性，并将外源声音音量控制在（ ）以下。,100 分贝,80 分贝,60 分贝,40 分贝,,C
76,评茶员初赛理论题库,single_choice,单选题,在计划经济年代，毛茶收购标准样的制定，品质水平的审定或调整，由中央和地方两级管理，地方管理由（ ）负责。,省供销合作社，省外贸局,省外贸局,中华全国供销合作社,茶叶行业协会,,A
77,评茶员初赛理论题库,single_choice,单选题,在计划经济年代，毛茶收购标准样的制定，品质水平的审定或调整，由中央和地方两级管理，中央管理由（ ）负责。,省供销合作社,省外贸局,中华全国供销合作社,茶叶行业协会,,C
78,评茶员初赛理论题库,single_choice,单选题,（ ）标准样主要有外销茶、内销茶、边销茶和各类茶的加工验收标准样。,毛茶,精制茶,明前茶,谷雨茶,,B
79,评茶员初赛理论题库,single_choice,单选题,产品质量和服务质量是企业（ ）和竞争力的关键因素。,号召力,生命力,潜力,生产力,,B
80,评茶员初赛理论题库,single_choice,单选题,标准是以科学、技术和经验的综合成果为基础，以促进最佳的共同（ ）为目的。,效益,经济效益,利润,生产力,,D
81,评茶员初赛理论题库,single_choice,单选题,在确定茶叶的企业标准样时，同级茶叶，企业品质水平要（ ）行业标准或国家标准。,等同于,低于,高于,不一定,,C
82,评茶员初赛理论题库,single_choice,单选题,茶叶标准样是具有足够均匀性，能代表茶样产品的品质特征和水平，经过技术鉴定并附有感官品质和理化数据说明的茶叶（ ）。,照片,实物样品,品质数据,质量,,B
83,评茶员初赛理论题库,single_choice,单选题,全国性的（ ）收购标准样基本上无部门制定。,茶叶,茶青,毛茶,花茶,,C
84,评茶员初赛理论题库,single_choice,单选题,设置茶叶标准样是十分必要的，它是为了使茶叶（ ）结果具有客观性和普遍性。,检验,感官审评,饮用价值,品质,,B
85,评茶员初赛理论题库,single_choice,单选题,适制乌龙茶的品种有很多，比如铁观音、本山、奇兰和（ ）。,云抗 10 号,福云 6 号,台茶 12 号,龙井 43 号,,C
86,评茶员初赛理论题库,single_choice,单选题,乌龙茶的制作过程中，（ ）是诱导，它激发了乌龙茶香气前导物或香气物质的产生。,晒青,做青,摇青,杀青,,A
87,评茶员初赛理论题库,single_choice,单选题,乌龙茶的晒青是利用光、热、风等自然条件综合效应来进行的，在当地一般选择（ ）以后，弱光为宜。,下午 1 时,下午 3 时,下午 5 时,下午 7 时,,B
88,评茶员初赛理论题库,single_choice,单选题,乌龙茶制作过程中，（ ）是利用高温破坏酶的活性，固定做青形成的品质。,杀青,摇青,炒青,晒青,,C
89,评茶员初赛理论题库,single_choice,单选题,制作乌龙茶对鲜叶原料的采摘两叶一芽，大都为( )，芽叶已成熟。,对口叶,对生叶,互生叶,柱口叶,,A
90,评茶员初赛理论题库,single_choice,单选题,加工乌龙茶的鲜叶要有一定的( )，制成的茶叶，色泽深且油润，汤色明亮，叶底浅而软亮。,水分,规格,成熟度,嫩度,,C
91,评茶员初赛理论题库,single_choice,单选题,武夷岩茶分布在( )茶区。,江北茶区,江南茶区,西南茶区,华南茶区,,B
92,评茶员初赛理论题库,single_choice,单选题,大红袍属于武夷岩茶中的（ ）。,奇种,单枞,名丛,名种,,C
93,评茶员初赛理论题库,single_choice,单选题,武夷岩茶鲜叶的采摘要求，以（ ） 为最适宜。,大开面,中开面,小开面,不开面,,B
94,评茶员初赛理论题库,single_choice,单选题,以菜茶或其他品种采制的称为（ ）。,大红袍,武夷奇种,白鸡冠,武夷肉桂,,B
95,评茶员初赛理论题库,single_choice,单选题,（ ）是 20 世纪 80 年代选育推广的品种，以香气新锐浓长似桂皮香而突出。,武夷奇种,武夷水仙,武夷肉桂,铁罗汉,,C
96,评茶员初赛理论题库,single_choice,单选题,（ ）采用水仙品种加工而成。外形条索紧结沉重，色泽油润，俗称“鳝皮黄”。,大红袍,铁罗汉,闽北水仙,奇兰,,C
97,评茶员初赛理论题库,single_choice,单选题,（ ）主产区是福建永春具有“汤黄亮、香气足、泡水长”的特点。,奇兰,闽南水仙,永春佛手,黄金桂,,B
98,评茶员初赛理论题库,single_choice,单选题,（ ）也称永春香橼，别名香橼、雪梨。,奇兰,毛蟹,永春佛手,桃仁,,C
99,评茶员初赛理论题库,single_choice,单选题,（ ）外形条索细紧结，色乌润带青。内质香气清高持久，有特殊的花香味；滋味鲜醇爽滑，有独特山韵。,岭头单丛,凤凰单丛,石古坪乌龙,凤凰水仙,,C
100,评茶员初赛理论题库,single_choice,单选题,（ ）选用台茶 12 号制作。外形紧结呈半球形状或球状，色泽翠绿；内质香气具有特殊的品种香，其中以表现牛奶糖香者为上品。,翠玉,白毫乌龙茶,金萱,冻顶乌龙茶,,C
101,评茶员初赛理论题库,single_choice,单选题,决定红茶色香味特色的关键工序是（ ）。,萎凋,做青,发酵,渥堆,,C
102,评茶员初赛理论题库,single_choice,单选题,红茶干燥过程中，（ ）占主导。,除湿作用,热化学作用,通气供氧作用,物理作用,,B
103,评茶员初赛理论题库,single_choice,单选题,下列（ ）描述红茶干茶色泽的术语表明品质不好。,褐黑,乌润,枯红,栗褐,,C
104,评茶员初赛理论题库,single_choice,单选题,制作红茶希望能得到较高比例的（ ）。,茶黄素和茶褐素,茶黄素和茶红素,茶红素和茶褐素,茶褐素,,B
105,评茶员初赛理论题库,single_choice,单选题,自动烘干机烘制红条茶毛火温度以进风口（ ）历时 10-15 分钟，含水量 20%-25%为宜。,120℃-130℃,100℃-110℃,130℃-140℃,110℃-120℃,,D
106,评茶员初赛理论题库,single_choice,单选题,云南夏茶生产期属于湿季，雨多湿重，鲜叶含水量高，萎凋程度应掌握（ ）。,宁轻勿重,宁老勿轻,轻,重,,B
107,评茶员初赛理论题库,single_choice,单选题,红茶雨水叶萎凋槽萎凋时应先吹（ ）风，吹干表面水后再加温送风，以免闷热损害鲜叶。,温,热,冷,寒,,C
108,评茶员初赛理论题库,single_choice,单选题,红茶发酵时气温过低，叶温较低，发酵时间延长，内质转化不能全面发展，应（ ）以利保温，必要时加温措施。,加厚发酵叶层,薄摊发酵叶层,压紧发酵叶层,堆高压实发酵叶,,A
109,评茶员初赛理论题库,single_choice,单选题,红茶初制的第一道工序，也是形成红茶品质的基础工序是（ ）。,萎凋,揉捻,发酵,干燥,,A
110,评茶员初赛理论题库,single_choice,单选题,（ ）是工夫红茶和红碎茶制造优美外形和形成内质的重要工序。,萎凋,揉捻,发酵,干燥,,B
111,评茶员初赛理论题库,single_choice,单选题,红茶中以印度的大吉岭红茶、斯里兰卡的乌巴茶和中国的（ ）红茶并列为世界三大高香红茶。,祁红,滇红,九曲红梅,宁红,,A
112,评茶员初赛理论题库,single_choice,单选题,红茶发酵适度，（ ）消失，发出一种新鲜清新的花果香。,苦涩味,水分,青草气,绿色,,C
113,评茶员初赛理论题库,single_choice,单选题,彻底改变传统红碎茶的揉切方法是（ ）。,CTC 红碎茶,LTP 红碎茶,转子机红碎茶,粉碎机,,A
114,评茶员初赛理论题库,single_choice,单选题,工夫红茶在保质期后，不但汤色变深，而且失去了（ ）。,滋味的鲜爽度,滋味的浓度,滋味的厚度,滋味的强度,,A
115,评茶员初赛理论题库,single_choice,单选题,属于大叶种红茶的有（ ）。,宜红,祁红,滇红,宁红,,C
116,评茶员初赛理论题库,single_choice,单选题,红茶发酵时叶温有（ ）的变化规律。,低→高,高→低,低→高→低,高→低→高,,C
117,评茶员初赛理论题库,single_choice,单选题,红茶最早产于（ ）省。,福建省,安徽省,湖北省,江西省,,A
118,评茶员初赛理论题库,single_choice,单选题,多酚类脱氨基、咖啡碱、果胶质是影响红茶（ ）的主要物质。,活性酶,滋味,汤色,香味,,B
119,评茶员初赛理论题库,single_choice,单选题,红茶在加工过程中发生了以( )为中心的化学反应，鲜叶中的化学成分变化较大，茶多酚减少 90%以上，产生了茶黄素、茶红素等新成分。香气物质比鲜叶明显增加。,生物发酵,茶多酚酶促氧化,益生菌发酵,物理变化,,B
120,评茶员初赛理论题库,single_choice,单选题,红茶在发酵的过程中，高温季节里要注意（ ）。,摊叶要厚,摊叶要薄,摊叶要久,摊叶要晚,,B
121,评茶员初赛理论题库,single_choice,单选题,红茶的发酵中需要消耗大量氧气。制造 1 千克的红茶，在发酵中耗氧量达（ ）。,3-4 升,4-5 升,5-6 升,7-8 升,,B
122,评茶员初赛理论题库,single_choice,单选题,工夫红茶要求鲜叶细嫩、匀净、新鲜。采摘标准以（ ）为主。,单芽为主,1 芽 1 叶为主,1 芽 2-3 叶为主,1 芽 3-4 叶为主,,C
123,评茶员初赛理论题库,single_choice,单选题,云南工夫红茶主要产区为凤庆、临沧等地，在萎凋的过程中，为了防止萎凋过度春茶萎凋程度（ ）。,宁轻勿重,宁老勿轻,宁轻,宁重,,A
124,评茶员初赛理论题库,single_choice,单选题,（ ）产于云南省，是用云南大叶种制作的红碎茶。,一套样红碎茶,二套样红碎茶,三套样红碎茶,四套样红碎茶,,A
125,评茶员初赛理论题库,single_choice,单选题,乌龙茶鲜叶质量有季节性变化。据研究，香气组分总量（ ）最高。,秋茶,春茶,夏茶,冬茶,,B
126,评茶员初赛理论题库,single_choice,单选题,乌龙茶摇青不足，会出现品弊病，如（ ）。,香气低沉,外形色枯,汤味涩口,叶底死红不活,,C
127,评茶员初赛理论题库,single_choice,单选题,乌龙茶制作过程中，当炒青温度过高，会产生（ ）的品质弊病。,香气低沉,外形不乌润,滋味苦涩,有焦味,,D
128,评茶员初赛理论题库,single_choice,单选题,（ ）的香气浓郁清长，滋味醇厚鲜爽回甘，具有特殊岩韵，汤色橙黄清澈。,武夷岩茶,台湾乌龙,闽南乌龙,凤凰水仙,,A
129,评茶员初赛理论题库,single_choice,单选题,描述乌龙茶茶条肥壮紧结的外形术语为（ ）。,蜻蜓头,壮结,扭曲,卷曲,,B
130,评茶员初赛理论题库,single_choice,单选题,描述乌龙茶烘培后，未适当摊凉而形成一种令人不快的火气的术语是（ ）。,岩韵,浓郁,闷火,猛火,,C
131,评茶员初赛理论题库,single_choice,单选题,凤凰单丛具有独特多酚蜜糖香属于（ ）。,茶类香,品种香,季节香,产地香,,B
132,评茶员初赛理论题库,single_choice,单选题,黄金桂如兰似桂的幽香属于（ ）香。,茶类香,品种香,产地香,季节香,,B
133,评茶员初赛理论题库,single_choice,单选题,武夷岩茶内质香气馥郁隽永，具有特殊的岩韵，俗称（ ）。,山韵,豆浆韵,蜜韵,风韵,,B
134,评茶员初赛理论题库,single_choice,单选题,（ ）外形条索稍肥硕、结实、略沉重，枝尾部稍大，枝骨细，红亮，称“竹仔枝”。,毛蟹,梅占,本山,铁观音,,C
135,评茶员初赛理论题库,single_choice,单选题,（ ）选用台茶 13 号制作，内质香气有似茉莉和玉兰。,白毫乌龙茶,金萱,翠玉,文山包种茶,,C
136,评茶员初赛理论题库,single_choice,单选题,红茶是目前世界上生产消费最多的一个茶类，占世界茶叶总销量的（ ）以上。,0.5,0.6,0.7,0.8,,C
137,评茶员初赛理论题库,single_choice,单选题,红茶适宜用（ ）窨制。,玫瑰花,兰花,荷花,桂花,,A
138,评茶员初赛理论题库,single_choice,单选题,红茶的审评一般以（ ）为主判定级别。,条索,嫩度,整碎,净杂,,B
139,评茶员初赛理论题库,single_choice,单选题,红茶最早始于（ ）。,唐朝,宋代,明末清初,元代,,C
140,评茶员初赛理论题库,single_choice,单选题,我国工夫红茶品质优良，较有代表性的为大叶种的滇红和小叶种的（ ）。,祁红,宁红,宜红,湖红,,A
141,评茶员初赛理论题库,single_choice,单选题,红茶湿评内质的顺序是（ ）。,香气、汤色、滋味、叶底,汤色、香气、滋味、叶底,滋味、香气、汤色、叶底,汤色、滋味、香气、叶底,,B
142,评茶员初赛理论题库,single_choice,单选题,高档的春季中小叶种工夫红茶具有（ ）的滋味特征。,浓强,甜爽,味浓,收敛性强,,B
143,评茶员初赛理论题库,single_choice,单选题,（ ）主产于江西省修水县，其外形紧结，苗锋修长，色泽乌润。内质甜香高长，滋味甜醇；汤色红亮；叶底红亮。,祁红工夫,浮红工夫,宁红工夫,闽红工夫,,C
144,评茶员初赛理论题库,single_choice,单选题,（ ）指红茶汤色有黄金般的光泽，常见于发酵轻的茶汤。,橙黄,橙红,金黄,姜黄,,C
145,评茶员初赛理论题库,single_choice,单选题,（ ）指茶味爽口回甘，多用于小叶种春茶的上档条形红茶。,甜爽,甜和,浓爽,浓醇,,A
146,评茶员初赛理论题库,single_choice,单选题,"普通绿茶干茶色泽（ ）是绿茶常见的弊病之一,其原因是加工过程中与机械长时间摩擦且低温长炒，茶汁黏附于叶表。",隐绿,绿黄,灰暗,银灰,,C
147,评茶员初赛理论题库,single_choice,单选题,"眉茶内质审评时,叶底主要看其（ ）色泽。",柔软度,嫩度,对比度,明度,,B
148,评茶员初赛理论题库,single_choice,单选题,"珠茶外形审评时,主要看（ ）、匀整、色泽和净度。",条索,颗粒,形状,形态,,B
149,评茶员初赛理论题库,single_choice,单选题,"名优绿茶内质审评时,茶汤汤色对（ ）十分敏感。",湿度,亮度,明度,温度,,D
150,评茶员初赛理论题库,single_choice,单选题,名优绿茶内质审评时，审评茶汤滋味强调鲜和醇的（ ），而不是越浓越好。,刺激性,清淡性,协调性,浓纯度,,C
151,评茶员初赛理论题库,single_choice,单选题,"珠茶内质滋味审评时,以（ ）为滋味品质好，粗涩为差,欠纯带烟闷味为劣质品。",清鲜爽口,苦涩回甘,陈香浓烈,味浓醇厚,,D
152,评茶员初赛理论题库,single_choice,单选题,描述乌龙茶叶底做青适度，绿叶有红边或红点，红色明亮鲜艳的术语是（ ）。,红亮,软亮,红边,红明,,C
153,评茶员初赛理论题库,single_choice,单选题,描述乌龙茶茶汤滋味鲜洁有甜度的术语是（ ）。,清醇,甘鲜,粗浓,清纯,,B
154,评茶员初赛理论题库,single_choice,单选题,蜻蜓头是描述（ ）干茶外形的术语。,白毫乌龙,凤凰水仙,金萱,铁观音,,D
155,评茶员初赛理论题库,single_choice,单选题,清代在茶的类别方面，福建安溪，建瓯，崇安等地（ ）生产形成了规范。,绿茶,红茶,乌龙茶,白茶,,C
156,评茶员初赛理论题库,single_choice,单选题,乌龙茶外形的品质系数为（ ）。,0.3,35%,0.2,0.1,,C
157,评茶员初赛理论题库,single_choice,单选题,（ ）为传统的外引品种，种植在武夷茶区将近百年，内质香气浓郁清长，有特殊的兰花香。,武夷奇种,武夷肉桂,武夷水仙,大红袍,,C
158,评茶员初赛理论题库,single_choice,单选题,小种红茶茶品品质因子权数，香气为（ ）。,0.3,0.1,0.25,0.15,,C
159,评茶员初赛理论题库,single_choice,单选题,（ ）是中国独特的传统产品，也是中国传统出口红茶类。,小种红茶,工夫红茶,红碎茶,叶茶,,B
160,评茶员初赛理论题库,single_choice,单选题,（ ）外形条索肥壮匀整，色泽灰褐乌润。内质香气清香芬芳；汤色清红，滋味浓厚回甘；叶底厚实，红边绿心。,石古坪古龙,凤凰水仙,凤凰单丛,岭头单丛,,B
161,评茶员初赛理论题库,single_choice,单选题,（ ）指红茶汤色鲜艳、红亮透明，碗沿呈金圈。多见于滇红和 C.T.C 茶。,红亮,红艳,玫瑰红,红褐,,B
162,评茶员初赛理论题库,single_choice,单选题,"( )指色黄无光泽,是绿茶干茶色泽的审评术语,多用于中、低档粗老绿茶,也可作为叶底的审评术语。",黄绿,枯黄,橙黄,燥黄,,B
163,评茶员初赛理论题库,single_choice,单选题,台湾生产的乌龙茶，有（ ）乌龙，如：冻顶乌龙。,呈条形,半球形,球形,螺型,,B
164,评茶员初赛理论题库,single_choice,单选题,描述乌龙茶具有浓而持久的特殊花果香的术语是（ ）。,岩韵,浓郁,闷火,猛火,,B
165,评茶员初赛理论题库,single_choice,单选题,乌龙茶具有特殊的“秋香”属于（ ）。,品种香,附加香,产地香,季节香,,D
166,评茶员初赛理论题库,single_choice,单选题,冻顶乌龙属于（ ）（做青程度约 40%）、轻焙火型。,轻发酵,中发酵,高发酵,重发酵,,B
167,评茶员初赛理论题库,single_choice,单选题,武夷岩茶的主要代表茶有武夷水仙、武夷肉桂和（ ）等。,金萱,东方美人,武夷奇种,单丛,,C
168,评茶员初赛理论题库,single_choice,单选题,闽南乌龙茶的主要代表茶有闽南色种、安溪铁观音和（ ）等。,永春香橼,肉桂,水仙,单丛,,A
169,评茶员初赛理论题库,single_choice,单选题,在武夷山名岩产区，选择优良茶树单独采制成的岩茶称为“单丛”，品质在奇种之上。单丛加工品质特优的称为“名丛”，如大红袍、白鸡冠、铁罗汉和（ ）。,武夷水仙,水金龟,武夷肉桂,黄金桂,,B
170,评茶员初赛理论题库,single_choice,单选题,（ ）既是茶树名，又是茶叶商品名，其品质特征是：外形条索扭曲、紧结、壮实，色泽青褐油润带宝色。内质香气馥郁，有锐、浓长、清幽之感；滋味浓而醇厚、鲜滑回甘、岩韵显。,铁罗汉,水金龟,白鸡冠,大红袍,,D
171,评茶员初赛理论题库,single_choice,单选题,（ ）既是茶名，又是茶树品种名，是闽南乌龙茶中的佳品。其外形条索圆结多呈螺旋形，身骨重实；色泽砂绿翠润，青腹绿蒂，俗称“香蕉色”。,奇兰,本山,毛蟹,铁观音,,D
172,评茶员初赛理论题库,single_choice,单选题,（ ）的品质具有“一早二奇”的特点。一早即萌芽、采制、上市早；二奇即外形“黄、匀、细”，内质“香、奇、鲜”。,黄金桂,毛蟹,梅占,奇兰,,A
173,评茶员初赛理论题库,single_choice,单选题,红茶品质的基本特征是（ ）。,金汤红叶,红汤黄叶,红汤红叶,黄汤黄叶,,C
174,评茶员初赛理论题库,single_choice,单选题,云南工夫红茶含有较多（ ）茸毫的壮芽。,红色,金黄色,褐色,黄色,,B
175,评茶员初赛理论题库,single_choice,单选题,嫩度良好的 CTC 红茶，外形颗粒圆结，末茶呈（ ）。,粉末状,砂粒状,碎茶状,片末状,,B
176,评茶员初赛理论题库,single_choice,单选题,长炒青内质基本品质要求是：汤色绿明、香高持久、滋味（ ）。,浓鲜,浓强,浓爽,浓烈,,C
177,评茶员初赛理论题库,single_choice,单选题,珠茶内质审评时叶底嫩度以芽头嫩张或盘花芽叶（ ）为好。,比例小,含量少,比重大,开度大,,C
178,评茶员初赛理论题库,single_choice,单选题,嫩度好的中小叶种高档工夫红茶具有（ ）的色泽。,细嫩,乌润,枯棕,棕褐,,B
179,评茶员初赛理论题库,single_choice,单选题,审评 CTC 红碎茶外形应注重颗粒的（ ）。,光洁度,大小,轻重,紧结,,A
180,评茶员初赛理论题库,single_choice,单选题,描述乌龙茶干茶色泽似蛙皮绿而有光泽的术语是（ ）。,青绿,砂绿,绿褐,褐绿,,B
181,评茶员初赛理论题库,single_choice,单选题,描述乌龙茶茶汤滋味新鲜，入口爽适的术语是（ ）。,清醇,甘鲜,粗浓,清纯,,A
182,评茶员初赛理论题库,single_choice,单选题,描述乌龙茶干茶色泽绿中显青翠色的术语是（ ）。,青绿,褐绿,绿褐,砂绿,,D
183,评茶员初赛理论题库,single_choice,单选题,工夫红茶茶品品质因子权数，汤色为（ ） %权数。,0.05,0.1,0.15,0.2,,B
184,评茶员初赛理论题库,single_choice,单选题,描述红茶茶汤滋味浓厚，刺激性强的术语是( )。,浓强,甜浓,浓涩,粗浓,,A
185,评茶员初赛理论题库,single_choice,单选题,描述红茶干茶色泽红中带深棕色的术语是（ ）。,褐黑,褐红,栗褐,栗红,,D
186,评茶员初赛理论题库,single_choice,单选题,CTC 红碎茶滋味要求（ ）。,醇甜,醇厚,浓爽,浓厚,,C
187,评茶员初赛理论题库,single_choice,单选题,描述红茶干茶叶中有细筋毛，红碎茶中含量较多的术语是（ ）。,毛衣,筋皮,毛糙,轻松,,A
188,评茶员初赛理论题库,single_choice,单选题,描述红茶茶汤滋味浓而带甜，富有刺激性的术语是（ ）。,浓强,甜浓,浓涩,浓厚,,B
189,评茶员初赛理论题库,single_choice,单选题,（ ）用于描述红茶干茶色泽深黑色，主要是用于描述嫩度良好的中小叶种红茶的干茶色泽。,乌黑,乌润,灰黑,灰润,,A
190,评茶员初赛理论题库,single_choice,单选题,（ ）用于描述比中段茶更细的茶，常指碎末茶一类。,下段茶,上段茶,中段茶,脱档,,A
191,评茶员初赛理论题库,single_choice,单选题,（ ）指茶味浓度和强度的合称。红碎茶浓强度好表明品质优良。,浓厚,浓醇,浓烈,浓强鲜,,A
192,评茶员初赛理论题库,single_choice,单选题,描述绿茶叶底夹杂青色叶片的术语为( )。,青绿,青暗,青张,靛青,,C
193,评茶员初赛理论题库,single_choice,单选题,"( )指呈螺旋或环卷曲,是绿茶干茶外形审评术语,为高档精制绿茶特殊造型。",扁曲,卷曲,盘曲,弯曲,,B
194,评茶员初赛理论题库,single_choice,单选题,国外红碎茶，其中品质最好的是（ ）。,印度,中国,斯里兰卡,肯尼亚,,D
195,评茶员初赛理论题库,single_choice,单选题,双杯找对评茶技术知识：在不干看外形和观察杯中叶底的条件下，将同一种茶叶进行双杯冲泡，一般以( )为宜。,一只茶样,二只茶样,三只茶样,四只茶样,,C
196,评茶员初赛理论题库,single_choice,单选题,（ ）就是对照某一特定的标准样品来评定茶叶的品质。,对样评茶,茶叶审评,对样品茶,双杯找对,,A
197,评茶员初赛理论题库,single_choice,单选题,以成交样相应等级的色、香、味、形的品质要求为水平依据，按规定的审评因子，大多数为（ ）和审评方法，将生产样对照成交样逐项对比审评，判断结果。,五因子,七因子,八因子,十因子,,C
198,评茶员初赛理论题库,single_choice,单选题,七档制审评方法中结果判定：任何单一审评因子中得（ ）者判为不合格。,（-3 分）,（-2 分）,（-1 分）,（0 分）,,A
199,评茶员初赛理论题库,single_choice,单选题,七档制审评方法中结果判定：总得分（ ）者为不合格。,≤-3 分,≤-2 分,≤-1 分,0 分,,A
200,评茶员初赛理论题库,single_choice,单选题,（ ）这一审评方法以实物标准样或文字标准为对照，对各个因子逐项进行对比，再根据茶样的高低程度分别打分或判别级差。,双杯找对,茶叶审评,七档制法,评比计分法,,C
201,评茶员初赛理论题库,single_choice,单选题,（ ）是指具有足够的均匀性、能代表茶叶产品的品质特征和水平、经过技术鉴定并附有感官品质和理化数据说明的茶叶实物样品。,茶叶标准样,审评样,成品样,毛茶样,,A
202,评茶员初赛理论题库,single_choice,单选题,在外销茶方面，中国是绿茶出口大国，出口量居世界（ ）。,第一,第二,第三,第四,,A
203,评茶员初赛理论题库,single_choice,单选题,标准样茶样应放置在无直射光，室温( )以下，相对湿度 50％以下的无异味环境中。,0℃,5℃,15℃,25℃,,B
204,评茶员初赛理论题库,single_choice,单选题,茶叶标准样的制定与换配的时间通常是在当年( )进行，此时茶叶种类数量都很丰富，茶样采集的可选范围较广。,四月份,五月份,六月份,七月份,,C
205,评茶员初赛理论题库,single_choice,单选题,红碎茶要求适度轻萎凋，通常萎凋叶的含水量在（ ）左右较好。,0.6,0.68,0.75,0.8,,B
206,评茶员初赛理论题库,single_choice,单选题,( )香味独特，具天然花果香气和品种的特殊香韵。,绿茶,白茶,乌龙茶,红茶,,C
207,评茶员初赛理论题库,single_choice,单选题,不同地区也有所差异，（ ）以绿叶红边呈三红七绿、叶面背卷呈汤匙状、叶色砂绿蜜黄、花果香甜浓郁及嫩叶手摸叶面挺滑、柔软如绸为做青适度。,武夷岩茶,铁观音,凤凰单丛,台湾乌龙,,A
208,评茶员初赛理论题库,single_choice,单选题,( )审评汤色审评亮暗、清浊，以黄绿清澈明亮为好，深黄次之，橙红暗浊为差。,眉茶,珠茶,蒸青绿茶,名优绿茶,,A
209,评茶员初赛理论题库,single_choice,单选题,( )审评汤色审评颜色、深浅和亮暗：以黄绿浑浊者为差。,眉茶,珠茶,蒸青绿茶,名优绿茶,,B
210,评茶员初赛理论题库,single_choice,单选题,蒸青绿茶审评汤色审评颜色、亮暗、清浊：以( )为好。,清澈鲜绿,青绿,浅黄绿色,深黄,,A
211,评茶员初赛理论题库,single_choice,单选题,( )是绿茶原料摊放、杀青、揉捻不足的茶叶常表现出的一种特征。,生青,苦味,涩味,花杂,,A
212,评茶员初赛理论题库,single_choice,单选题,（ ）绿茶夏季加工的茶叶因茶多酚转化不足而表现的一种滋味特征。,生青,苦味,涩味,花杂,,C
213,评茶员初赛理论题库,single_choice,单选题,绿茶外型评语中( )：芽叶细小，显毫柔嫩。多见于春茶期的小叶种高档茶。,细嫩,细紧,细长,紧结,,A
214,评茶员初赛理论题库,single_choice,单选题,绿茶外型评语中( )：色绿鲜活，富有光泽。多用于上档绿茶。,墨绿,绿润,灰绿,灰白,,B
215,评茶员初赛理论题库,single_choice,单选题,红茶外型评语中( )：细紧匀齐，形态秀丽。多用于高档条红茶，如祁门红茶。,细嫩,细紧,细长,粗壮,,C
216,评茶员初赛理论题库,single_choice,单选题,红茶汤色评语中红艳是指：红茶汤色鲜艳、红亮透明，碗沿呈金圈。多见于（ ）。,滇红,祁红,小种红茶,闽红,,A
217,评茶员初赛理论题库,single_choice,单选题,因儿茶素含量高，当茶汤温度下降到( )左右时，儿茶素与咖啡碱络合，即产生冷后浑。,10℃,16℃,20℃,25℃,,B
218,评茶员初赛理论题库,single_choice,单选题,红茶香气评语中（ ），是萎凋和发酵程度偏轻的低档红茶。,纯正,粗青味（气）,焦糖气,粗老味（气）,,B
219,评茶员初赛理论题库,single_choice,单选题,红茶滋味常用评语（ ）是指：茶汤味道既苦又涩。多见于萎凋和发酵偏轻、茶多酚含量很高的大叶种红碎茶。,平淡,苦涩,青涩,味浓,,B
220,评茶员初赛理论题库,single_choice,单选题,红茶滋味常用评语( )是指：常用于萎凋轻、揉切不充分、发酵又不足的红碎茶。,平淡,苦涩,青涩,味浓,,C
221,评茶员初赛理论题库,single_choice,单选题,乌龙茶常用评茶术语( )是指：色似蛙皮绿而有光泽，优质青茶的色泽。,砂绿,青褐,鳝皮色,蛤蟆背色,,A
222,评茶员初赛理论题库,single_choice,单选题,乌龙茶香气评语（ ）是指：带有浓郁持久的特殊花果香。,浓郁,馥郁,浓烈,清高,,A
223,评茶员初赛理论题库,single_choice,单选题,乌龙茶滋味评语( )是指：味浓而不涩，浓醇适口，回味清甘。,浓厚,鲜醇,醇厚,醇和,,A
224,评茶员初赛理论题库,single_choice,单选题,乌龙茶出现苦涩品质缺陷是因为（ ）。,做青、杀青不足,走水不良,摇青不匀，老嫩叶差异大,做青过度,,B
225,评茶员初赛理论题库,single_choice,单选题,乌龙茶出现粗淡品质缺陷是因为（ ）。,晾青过度,原料偏粗老,包揉温度偏高、时间过长,摇青不足，走水不畅,,B
226,评茶员初赛理论题库,single_choice,单选题,乌龙茶出现青闷品质缺陷是因为（ ）。,晾青过度,原料偏粗老,包揉温度偏高、时间过长,摇青不足，走水不畅,,D
227,评茶员初赛理论题库,single_choice,单选题,白茶（ ），多见于萎凋时间不足，或速度偏快。,滋味青涩,毫香不足,色泽花杂,酵气,,A
228,评茶员初赛理论题库,single_choice,单选题,黑茶干茶色泽评语（ ）是指：褐中带青。青砖色泽。,黑褐,青褐,棕褐,黄褐,,B
229,评茶员初赛理论题库,single_choice,单选题,黑茶滋味评语（ ）是指：味醇而不涩、不苦。,醇和,醇厚,醇浓,陈醇,,A
230,评茶员初赛理论题库,single_choice,单选题,黄茶的干茶色泽评语金镶玉：指芽头为金黄的底色，满披白色银毫。为（ ）特有的色泽。,君山银针,蒙顶黄芽,霍山黄芽,北港毛尖,,A
231,评茶员初赛理论题库,single_choice,单选题,黄茶叶底评语（ ）是指：色泽黄里泛白，叶质柔嫩，明亮度好。,肥嫩,嫩黄,黄亮,黄绿,,B
232,评茶员初赛理论题库,single_choice,单选题,花茶香气评语（ ）是指：茉莉花茶中透露玉兰花香。,透素,香浮,透兰,鲜灵,,C
233,评茶员初赛理论题库,single_choice,单选题,虚词( )是指；以衡量某种或某点还算不坏时用之。,微,略,尚,稍,,C
234,评茶员初赛理论题库,single_choice,单选题,遇窨花高峰期，鲜花拌和后( )，如不及时出花，花朵在水热情况下，内含物的转化，使花香失去鲜灵，产生水闷气。,5～6 小时,10～12 小时,13～15 小时,15～20 小时,,B
235,评茶员初赛理论题库,single_choice,单选题,绿茶叶底评语（ ）是指：色暗褐泛青。一般用于描述下档绿茶。,靛青,花青,青张,青褐,,D
236,评茶员初赛理论题库,single_choice,单选题,GB/T14456.2《大叶种绿茶》中炒青精制茶滋味浓厚鲜爽是( )茶。,特一级,特二级,特级,一级,,C
237,评茶员初赛理论题库,single_choice,单选题,（ ）年，我国制定了红碎茶加工，验收统一标准样。,1965,1966,1967,1968,,C
238,评茶员初赛理论题库,single_choice,单选题,（ ）以香气辛锐浓长似桂皮香而突出，其外形条索匀整卷曲，色泽褐绿，油润有光。,水金龟,大红袍,铁罗汉,武夷肉桂,,D
239,评茶员初赛理论题库,single_choice,单选题,产于( )，砖形，色泽黑褐，内质汤色深黄或红黄微暗，香气纯正，滋味浓 厚微涩，叶底暗褐，老嫩欠匀。,湖南黑砖茶,湖南花卷茶,陕西茯砖茶,四川方包茶,,A
240,评茶员初赛理论题库,single_choice,单选题,七档制审评方法中，对标准样评定为“稍高”评分为( )。,2,1,0,-1,,B
241,评茶员初赛理论题库,single_choice,单选题,珍眉等级不包括（ ）。,特珍一级,珍眉一级,特贡二级,不列级,,C
242,评茶员初赛理论题库,single_choice,单选题,外销茶定级计价评分，某项品质因子于标准样相符，评（ ）分。,100,95,90,85,,A
243,评茶员初赛理论题库,single_choice,单选题,乌龙茶评茶计价，外形评一等，内质评二等，应以( )计价。,特级,一等,二等,三等,,C
244,评茶员初赛理论题库,single_choice,单选题,GB/T14456.2《大叶种绿茶》中烘青精制茶( )茶品质特征包括香气纯正、滋味醇和。,一级,二级,三级,四级,,C
245,评茶员初赛理论题库,single_choice,单选题,烘青花茶茶坯分为（）级。,5,6,8,10,,D
246,评茶员初赛理论题库,single_choice,单选题,大叶种工夫红茶滋味醇尚浓，汤色红较亮，符合（ ）茶外形标准。,二级,三级,四级,五级,,B
247,评茶员初赛理论题库,single_choice,单选题,GB/T13738.2《工夫红茶》中小叶种工夫红茶外形条索紧细是（）级茶。,一级,二级,三级,四级,,B
248,评茶员初赛理论题库,single_choice,单选题,GB/T30357.6《单从茶》滋味尚醇厚，蜜韵较显是( )茶。,一级,二级,三级,四级,,B
249,评茶员初赛理论题库,single_choice,单选题,福建乌龙茶中，武夷肉桂依据品质不同可分（ ）个级型。,三,四,五,六,,A
250,评茶员初赛理论题库,single_choice,单选题,闽北水仙依据品质不同可分（ ）个级型。,三,四,五,六,,C
251,评茶员初赛理论题库,single_choice,单选题,乌龙茶精制加工取料时，特级、一级产品以（ ）为主要原料。,春茶,夏茶,秋茶,冬茶,,A
252,评茶员初赛理论题库,single_choice,单选题,一级凤凰单丛的外形描述是（ ）。,茶条壮结、匀整，色泽青褐润亮呈“宝光”,紧结壮直，匀齐，褐高油润。,茶芽肥壮，白毫显，茶条较短，含红、黄、白三色，鲜艳绚丽,茶条卷曲、壮结、沉重，呈青蒂绿腹蜻蜓头状，色泽鲜润，砂绿显。,,B
253,评茶员初赛理论题库,single_choice,单选题,（ ）茉莉花茶滋味鲜浓醇厚。,特一级,特二级,特级,一级,,C
254,评茶员初赛理论题库,single_choice,单选题,审评一级茉莉花茶应把握品质规格要求，下面描述正确的是（）。,鲜灵、浓厚、鲜爽,鲜浓、醇厚、较爽,较鲜浓、醇和、尚爽,尚浓、纯正，香弱、平和,,A
255,评茶员初赛理论题库,single_choice,单选题,"红绿茶类的审评,一般以( )为主判定级别。",条索,嫩度,整碎,净杂,,B
256,评茶员初赛理论题库,single_choice,单选题,GB/T13738.2《工夫红茶》大叶种工夫红茶条索紧实应评定为( )茶。,特级,一级,二级,三级,,D
257,评茶员初赛理论题库,single_choice,单选题,广东乌龙茶中，凤凰单丛设( )个等级。,3,4,5,6,,C
258,评茶员初赛理论题库,single_choice,单选题,（ ）铁观音的外形描述是茶条卷曲、壮结、沉重，呈青蒂绿腹蜻蜓头状，色泽鲜润，砂绿显,特级,一级,二级,三级,,A
259,评茶员初赛理论题库,single_choice,单选题,乌龙茶评茶计价如外形评四等，内质评三等，应以（ ）计价。,一等,二等,三等,四等,,C
260,评茶员初赛理论题库,single_choice,单选题,某批铁观音对样审评，加权平均后的品质总分为（ ），接近对样品质。,85,90,95,100,,C
261,评茶员初赛理论题库,single_choice,单选题,某批乌龙茶色种对样审评，加权平均后的品质总分为 86 分，应定为（ ）。,特级,一级,二级,三级,,C
262,评茶员初赛理论题库,single_choice,单选题,根据名优绿茶的评分原则，某项因子品质有缺陷定为丙等，给( ) 分。,80-90,70-80,60-70,50-60,,D
263,评茶员初赛理论题库,single_choice,单选题,绿茶香气清香评分应该在( )。,90-100,80-89,70-79,60-69,,B
264,评茶员初赛理论题库,single_choice,单选题,乌龙茶常见品质弊病中，生青主要原因是（ ）。,原料嫩度低,揉捻不足,做青、杀青不足。,烘焙不足火,,C
265,评茶员初赛理论题库,single_choice,单选题,紧压茶常见外形弊病中，( )指金尖中间断开不成整块。,包心外露,断甑,起层脱面,泡松,,B
266,评茶员初赛理论题库,single_choice,单选题,黑茶叶底审评中，( )指老叶叶肉糜烂，只剩叶脉，是渥堆过度所致。,通泂,丝瓜瓤,起层脱面,泡松,,B
267,评茶员初赛理论题库,single_choice,单选题,白茶滋味审评中（ ）指茶味淡而青草味重。,清甜,生涩,鲜甜,青味,,D
268,评茶员初赛理论题库,single_choice,单选题,根据现行茶叶感官审评国家标准，各茶类审评因子评分系数，绿茶外形评分系数为（ ）。,0.2,0.25,0.3,0.35,,B
269,评茶员初赛理论题库,single_choice,单选题,凤凰单丛，外形因子得分为 90 分，按百分制记分法，该项因子得分应为( )。,9,18,27,36,,B
270,评茶员初赛理论题库,single_choice,单选题,绿茶外形评分在( )分，其外形特征有以单芽或一芽一叶初展到一芽二叶为原料、 造型有特色、色泽嫩绿 或翠绿或深绿或鲜绿、油润、匀整，净度好。,90-99,80-89,70-79,60-69,,A
271,评茶员初赛理论题库,single_choice,单选题,根据等级的评分标准，乌龙茶 （ ）铁观音定为 91-100。,特级,一级,二级,三级,,B
272,评茶员初赛理论题库,single_choice,单选题,闽南乌龙茶中，( )外形条索稍肥壮、结实、略沉重，枝尾部稍大，枝骨细，红亮，称“竹 仔枝”；色泽乌润，具青蒂绿腹红边的三节色，砂绿细。,佛手,黄金桂,梅占,本山,,D
273,评茶员初赛理论题库,single_choice,单选题,（ ）外形条索紧结较直，色泽黄褐呈鳝鱼皮色，油润有光，并有朱砂红点。,凤凰单丛,凤凰水仙,岭头单丛,岭头水仙,,A
274,评茶员初赛理论题库,single_choice,单选题,（ ）外形紧结尚直，色泽黄褐油润。内质具有独特的蜜香，清高持久。,凤凰单丛,凤凰水仙,岭头单丛,岭头水仙,,C
275,评茶员初赛理论题库,single_choice,单选题,潮安茶因主要产区为凤凰乡，一般以水仙品种结合地名而称（ ），其外形条索肥硕匀整，色泽灰褐乌润。,凤凰单丛,凤凰水仙,岭头单丛,岭头水仙,,B
276,评茶员初赛理论题库,multiple_choice,多选题,一名优秀的评茶人员，应该了解()，才能成为判断茶叶品质的“行家”。,特定的消费市场,相应的饮茶习惯,茶叶的加工方法,茶叶机械知识,茶叶化学知识,ABCDE
277,评茶员初赛理论题库,multiple_choice,多选题,每个样品的容器都必须有标签，详细标明采样地点、茶名、( )以及其他有关交付的重要事项。,等级,日期,产地或牌号,批号,取样者,ABCDE
278,评茶员初赛理论题库,multiple_choice,多选题,审评香气是指嗅闻冲泡后茶叶散发的香味状况，包括( )等。,纯异,香型,浓淡,鲜陈,持久性,ABCDE
279,评茶员初赛理论题库,multiple_choice,多选题,叶底审评包括茶叶( )等内容。,嫩度,色泽,整碎,大小,净度,ABCDE
280,评茶员初赛理论题库,multiple_choice,多选题,标准的制定，对企业将起到以下几方面的作用( )。,建立企业最佳秩序,稳定和提高产品质量,促进企业技术改造和技术进步,保护企业自身和消费者的利益,评价茶叶质量的依据,ABCDE
281,评茶员初赛理论题库,multiple_choice,多选题,“标准”的封面包括下面几项内容：( )。,类型,编号,名称,发布和实施日期,发布单位,ABCDE
282,评茶员初赛理论题库,multiple_choice,多选题,标准化法规定，中国标准实行（ ）。,国家标准,行业标准,地方标准,企业标准,团体标准,ABCD
283,评茶员初赛理论题库,multiple_choice,多选题,在茶叶包装标志上强制标示的内容包括()等。,产品名称,净含量,制造者、经销者的名称和地址,日期标志和贮藏说明,饮用方法,ABCD
284,评茶员初赛理论题库,multiple_choice,多选题,审评环境是茶叶审评工作场所的基本构成要素之一，有（ ）先决条件。,湿度,温度,光照,异味,噪声,BCDE
285,评茶员初赛理论题库,multiple_choice,多选题,每个样品的容器都必须有标签，详细标明（ ）批号，取样者以及其他有关交付的重要事项。,采样地点,茶名,等级,日期,产地或牌号,ABCDE
286,评茶员初赛理论题库,multiple_choice,多选题,审评时，对关键性的设备的尺寸规格以及操作规范都有标准的规定，而对某些辅助设备能（ ）需求即可，不做过多的限制。,尺寸规格,操作规范,标准的规定,符合审评需要,功能齐全,DE
287,评茶员初赛理论题库,multiple_choice,多选题,精制茶标准样主要有（ ）和各类茶的加工验收标准样。,外销茶,内销茶,边销茶,再加工茶,特种茶,ABC
288,评茶员初赛理论题库,multiple_choice,多选题,茶叶标准样是具有足够均匀性，能代表茶叶产品的（ ）经过技术鉴定并附有感官品质和理化数据说明的茶叶实物样品。,品质特征,价格,种类,品种,水平,AE
289,评茶员初赛理论题库,multiple_choice,多选题,实物标准样样茶主要分（ ）。,毛茶收购标准样,精制茶标准样,名茶标准样,检验方法标准,食品标准样,AB
290,评茶员初赛理论题库,multiple_choice,多选题,由于乌龙茶的原料比红茶、绿茶成熟，揉捻必须采取（ ）方法。,热揉,少量,重压,短时,快速,ABCDE
291,评茶员初赛理论题库,multiple_choice,多选题,凤凰单丛晒青不足，其品质呈现（ ）。,滋味苦,香气带青草味,外形深绿,色泽干枯,汤色浑浊,ABE
292,评茶员初赛理论题库,multiple_choice,多选题,根据黄金桂品种的特点，宜采用（ ）做青技术。,轻晒轻摇,发酵稍轻,重晒重摇,发酵充足,,AB
293,评茶员初赛理论题库,multiple_choice,多选题,红茶萎凋不足干茶易出现（ ）。,条索短碎,香气低,滋味青涩,汤色浑浊,叶底暗杂,ABCDE
294,评茶员初赛理论题库,multiple_choice,多选题,凤凰单丛通常晒青程度以（ ）为适度。,叶色转暗绿失去光泽,叶脉柔软,叶片贴筛,略有芳香,熟香已出,ABCD
295,评茶员初赛理论题库,multiple_choice,多选题,红碎茶内质忌讳（ ）。,淡,强,鲜,陈,钝,ADE
296,评茶员初赛理论题库,multiple_choice,多选题,一般红茶的叶底，除了用眼观察色泽、匀度、嫩度，还要用手指按捏，感受其（ ）。,软硬,厚薄,壮瘦,叶脉的平凸,弹性大小,ABCD
297,评茶员初赛理论题库,multiple_choice,多选题,红茶萎凋的方法有（ ）。,室内自然萎凋,日光萎凋,萎凋槽萎凋,萎凋机萎凋,加湿萎凋,ABCD
298,评茶员初赛理论题库,multiple_choice,多选题,眉茶外形审评中，形态是决定其规格的主要因素，需要从（ ）有无锋苗入手。,松紧,粗细,长短,轻重,空实,ABCDE
299,评茶员初赛理论题库,multiple_choice,多选题,滋味审评以（）为好，淡、苦、粗、涩为差。,浓,醇,辛,鲜,锐,ABD
300,评茶员初赛理论题库,multiple_choice,多选题,"绿茶审评汤色时,在相同的温度和时间内,变色幅度( )。",小叶种>大叶种,大叶种>小叶种,嫩茶<老茶,嫩茶>老茶,新茶大于陈茶,BDE
301,评茶员初赛理论题库,multiple_choice,多选题,乌龙茶审评通过干评和湿评可达到（ ）的目的。,识别品种,评定等级,评定优次,提高效益,提高制茶技艺,ABCE
302,评茶员初赛理论题库,multiple_choice,多选题,广东省的乌龙代表名茶是（ ）。,武夷岩茶,冻顶乌龙,风凰单丛,岭头单丛,梅占,CD
303,评茶员初赛理论题库,multiple_choice,多选题,按 GB/18745 武夷岩茶分为（ ）。,武夷水仙,武夷奇种,武夷肉桂,武夷大红袍,武夷名丛,ABCDE
304,评茶员初赛理论题库,multiple_choice,多选题,武夷四大名丛是（ ）。,大红袍,铁罗汉,金钥匙,水金龟,白鸡冠,ABDE
305,评茶员初赛理论题库,multiple_choice,多选题,红茶正常汤色应该为（ ）。,红明,黄明,红亮,黄绿,红艳,ACE
306,评茶员初赛理论题库,multiple_choice,多选题,乌龙茶正常汤色应该为（ ）。,浅杏黄,金黄明亮,橙红,橙黄明亮,红浓明亮,BCD
307,评茶员初赛理论题库,multiple_choice,多选题,闽红工夫茶是（ ）的统称。,政和工夫,坦洋工夫,福鼎工夫,白琳工夫,潮汕工夫,ABD
308,评茶员初赛理论题库,multiple_choice,多选题,红碎茶按外形可分为（ ）这几大花色。,叶茶,碎茶,片茶,末茶,粉茶,ABCD
309,评茶员初赛理论题库,multiple_choice,多选题,"所谓冷后浑是指茶汤中（ ）含量较高时,两者结合生成一种溶于热水而不溶于冷水的结合物，使茶汤变浑浊。",茶多酚,色素,咖啡碱,氨基酸,维生素,AC
310,评茶员初赛理论题库,multiple_choice,多选题,下列（ ）特征说明红茶叶底较好。,红亮,红匀,乌暗,紫铜色,花青,ABD
311,评茶员初赛理论题库,multiple_choice,多选题,外形扁平挺直、（ ）、匀整尚洁净，滋味尚鲜，叶底尚细嫩成朵，色绿明亮是二级龙井的感官品质要求。,匀齐成朵,浓醇,汤色绿明亮,香气清香,色泽绿润,CDE
312,评茶员初赛理论题库,multiple_choice,多选题,眉茶外形审评时干茶以（ ）者为好。,细扁显毫,紧结圆直,弯曲带圆,完整重实,带有锋苗,BCE
313,评茶员初赛理论题库,multiple_choice,多选题,精制茶标准样有（ ）。,外销茶加工验收,内销茶加工验收,毛茶收购标准样,边销茶加工验收,各类茶的加工验收,ABDE
314,评茶员初赛理论题库,multiple_choice,多选题,茉莉花茶出现闷浊味的主要原因有以下几条（ ）。,通花散热不透,热茶闷袋过久,付窨茶坯的坯温过高,窨堆过厚,窨堆过浅,ABCD
315,评茶员初赛理论题库,multiple_choice,多选题,绿茶叶底评语青张是指：叶底中夹杂色深较老的青片。多见于（ ）的绿茶制品。,制茶粗放,杀青欠匀欠透,老嫩叶混杂,揉捻不足,含花青素较多的紫芽种制成,ABCD
316,评茶员初赛理论题库,multiple_choice,多选题,水闷气这种由于“捂水”形成弊病的原因有以下几条（ ）。,采摘雨水叶，未能及时处理叶片表面水分,绿茶杀青闷炒过久，杀青不透,青叶未经摊晾，或摊晾不足直接进行揉捻,干燥温度过低，水汽没有充分发散,青茶做青不足，“走水”不畅，杀青不透，包揉时间太久,ABCDE
317,评茶员初赛理论题库,multiple_choice,多选题,茶叶外形产生带黄原因是（ ）。,绿茶煇锅时间过长或火温过高,复干机滚条温度过高、时间过长,原料嫩度差，杀青叶在制品摊放时间过长、过厚,青茶杀青温度过低，时间偏长,青茶杀青或初干时投叶量过大，水汽不透而闷黄,ABCDE
318,评茶员初赛理论题库,multiple_choice,多选题,20 世纪我国曾根据一些传统的、有一定知名度的炒青茶品质特点，按主要产地划分有( )。,屯溪,婺源,遂昌,舒城,杭州,ABCDE
319,评茶员初赛理论题库,multiple_choice,多选题,茉莉花茶成品茶的香气中透有茶坯的香味。这在低档茶中（ ）等原因均会产生透素现象。,下花量少,茶坯水分高,通花过晚,花香压不住茶味,通花过早,ABDE
320,评茶员初赛理论题库,multiple_choice,多选题,我国根据地域、气候、茶树生长及茶类情况划分为（ ）茶区。,江北,江南,西南,华中,华南,ABCE
321,评茶员初赛理论题库,multiple_choice,多选题,下列不是正确描述特级( )的外形描述是茶条壮结、匀整，色泽青褐润亮呈“宝光”。,凤凰单丛,武夷岩茶,铁观音,岭头单丛,武夷水仙,ACDE
322,评茶员初赛理论题库,multiple_choice,多选题,对样评茶包括（ ）审评。,定级,定性,定形,定量,定等,BD
323,评茶员初赛理论题库,multiple_choice,多选题,秀眉等级有( )。,特级,一级,二级,三级,四级,ABCD
324,评茶员初赛理论题库,multiple_choice,多选题,武夷水仙的级型分别为（ ）。,特级,一级,二级,三级,四级,ABCDE
325,评茶员初赛理论题库,multiple_choice,多选题,乌龙茶精制过程的技术要点是（ ）。,取料时，三级、四级产品以夏暑茶为主要原料。,发挥烘焙作业优势，形成特殊的火功香,取料时，特级、一级产品以春茶为主要原料,注意外形的完整，采用梗、叶分离及拣剔措施，增加切轧作业,年加工中留适量春茶做为保质茶，平衡全年产品质量,ABCE
326,评茶员初赛理论题库,multiple_choice,多选题,按 GB19598 安溪铁观音，浓香型铁观音等级有（ ）。,特级,一级,二级,三级,四级,ABCDE
327,评茶员初赛理论题库,multiple_choice,多选题,武夷水仙依据品质不同，设立的等级有（ ）。,特级,一级,二级,三级,四级,ABCDE
328,评茶员初赛理论题库,multiple_choice,多选题,绿茶条索“欠圆浑，带扁”，形成品质弊病的原因，有( )。,揉捻时投叶量过多,揉转不匀,揉捻加压过轻,揉捻加压过早,塑形不当,ABDE
329,评茶员初赛理论题库,true_false,判断题,评茶员在工作过程中以职业道德标准要求约束自己，同时也需要承担社会道德责任与义务。,正确,错误,,,,A
330,评茶员初赛理论题库,true_false,判断题,感官审评员的培训，是有意识地提高其相关感觉的敏感性的一种活动。,正确,错误,,,,A
331,评茶员初赛理论题库,true_false,判断题,职业道德是从道义上衡量本职工作，而职业责任则是以工作任务来确定它的内容。,正确,错误,,,,B
332,评茶员初赛理论题库,true_false,判断题,乌龙茶的品质特征主要是在晒青、摇青的过程中形成的。,正确,错误,,,,A
333,评茶员初赛理论题库,true_false,判断题,黑茶是我国主要茶类之一，因茶叶颜色呈黑色，故称为黑茶。,正确,错误,,,,A
334,评茶员初赛理论题库,true_false,判断题,名优茶更强调外观色泽的翠绿表现，因此杀青时更应按高温、长时和快速冷却的要求操作。,正确,错误,,,,B
335,评茶员初赛理论题库,true_false,判断题,杀青时采取“高温杀青，先高后低；抛闷结合，多抛少闷；老叶嫩杀，嫩叶老杀”的原则。,正确,错误,,,,A
336,评茶员初赛理论题库,true_false,判断题,茶叶感官审评是在一定的环境、设备条件下，依靠评茶人员自身的专业技能来完成的。,正确,错误,,,,A
337,评茶员初赛理论题库,true_false,判断题,审评室内强烈的阳光将导致光化学反应的发生，会改变茶叶的香气和滋味，造成茶叶风味的下降。,正确,错误,,,,A
338,评茶员初赛理论题库,true_false,判断题,茶叶感官品质受时间、温度等的影响很大，开始审评后，必须依次尽快完成操作步骤。,正确,错误,,,,A
339,评茶员初赛理论题库,true_false,判断题,审评多只茶样时，保持操作的一致性，不仅是对操作动作的要求，还包括对时间等因素的控制。,正确,错误,,,,A
340,评茶员初赛理论题库,true_false,判断题,除白色日光灯外，其他色调的灯具都适合于审评室使用。,正确,错误,,,,B
341,评茶员初赛理论题库,true_false,判断题,评茶以使用深井水、自然界中的矿泉水及山区流动的溪水为好。,正确,错误,,,,A
342,评茶员初赛理论题库,true_false,判断题,审评人员有目的地进行长期针对性训练，可以提高感觉器官在相关方面的灵敏程度，而且也有助于在长时间、高密度的审评过程中保持感觉器官的敏感性。,正确,错误,,,,A
343,评茶员初赛理论题库,true_false,判断题,精制茶标准样主要有外销茶、内销茶、边销茶和各类茶的加工验收标准样。,正确,错误,,,,A
344,评茶员初赛理论题库,true_false,判断题,在确定企业标准样时，同级茶叶，企业品质水平不可高于行业标准或国家标准。,正确,错误,,,,B
345,评茶员初赛理论题库,true_false,判断题,审评汤色的内容包括茶汤的色度、亮度和清澈度。,正确,错误,,,,A
346,评茶员初赛理论题库,true_false,判断题,一般来说，比较粗长轻飘的茶叶浮在表面，称面装茶，或称下段茶。,正确,错误,,,,B
347,评茶员初赛理论题库,true_false,判断题,标准是衡量事物的准则，是指统一的技术要求。,正确,错误,,,,A
348,评茶员初赛理论题库,true_false,判断题,茶叶文字“标准”没有其固定的格式和内容。,正确,错误,,,,B
349,评茶员初赛理论题库,true_false,判断题,为了使茶叶感官审评结果具有客观性和普遍性，设置茶叶标准样是十分必要的。,正确,错误,,,,A
350,评茶员初赛理论题库,true_false,判断题,感官审评一般“不看单个茶样”。,正确,错误,,,,A
351,评茶员初赛理论题库,true_false,判断题,茶叶标准样品的制备程序通常为：原料的选留、原料的制备、拼配小样、拼配大样、包装与标签、保管和换配。,正确,错误,,,,A
352,评茶员初赛理论题库,true_false,判断题,茶叶标准样原料茶的选取，是正确制定茶叶标准样品的基础。,正确,错误,,,,A
353,评茶员初赛理论题库,true_false,判断题,标准化法规定，企业生产的产品，在没有国家标准、行业标准和地方标准时，应制定企业产品标准，作为生产和产品质量的判定依据。,正确,错误,,,,A
354,评茶员初赛理论题库,true_false,判断题,在茶叶生产过程中，包装是最后一道重要的工序。,正确,错误,,,,A
355,评茶员初赛理论题库,true_false,判断题,茶叶的包装材料要有良好的阻气性、防潮性、遮光性等性能。,正确,错误,,,,A
356,评茶员初赛理论题库,true_false,判断题,高分子包装材料目前已广泛应用于食品行业，在某种程度上已替代了传统的金属、纸质、玻璃等包装材料。,正确,错误,,,,A
357,评茶员初赛理论题库,true_false,判断题,如果透过外包装能大致看到内包装物或容器上的部分强制标示内容，则不需要再外包装上重复标示相应的内容。,正确,错误,,,,B
358,评茶员初赛理论题库,true_false,判断题,名优茶的贮藏温度应控制在 8°以下，最好是贮藏在-10°以下的冷库中，能较长保持名优茶的色泽和风味。,正确,错误,,,,B
359,评茶员初赛理论题库,true_false,判断题,企业标准需经县（含县）以上标准化行政主管部门备案，有效期 5 年。,正确,错误,,,,B
360,评茶员初赛理论题库,true_false,判断题,碗橱是用于盛放审评杯碗、汤碗、汤匙、网匙等的，尺寸可根据盛放用具的数量来定，要密闭。,正确,错误,,,,B
361,评茶员初赛理论题库,true_false,判断题,取样、分样操作时，应注意环境的清洁状况，避免外来异味混入茶样。,正确,错误,,,,A
362,评茶员初赛理论题库,true_false,判断题,用实物样“对样评茶”可以弥补单靠标准文本的不足。,正确,错误,,,,A
363,评茶员初赛理论题库,true_false,判断题,干评台是检验干茶外形的审评台，不可放置除茶样以外的其他东西。,正确,错误,,,,B
364,评茶员初赛理论题库,true_false,判断题,吐茶桶是盛装茶渣、评茶时吐茶汤及倾倒汤液的容器，合用即可，无严格限制。,正确,错误,,,,A
365,评茶员初赛理论题库,true_false,判断题,审评室的面积应根据工作量而定。,正确,错误,,,,A
366,评茶员初赛理论题库,true_false,判断题,审评室要求光线充足、均匀，但不得有直射的阳光。,正确,错误,,,,A
367,评茶员初赛理论题库,true_false,判断题,审评时的冲泡用水除了要求透明洁净、无嗅无味外，还应注意水的酸碱度、硬度、水中所含各种矿物质、离子的数量对审评的影响。,正确,错误,,,,A
368,评茶员初赛理论题库,true_false,判断题,国家鼓励企业制定严于国家标准或者行业标准的企业标准，在企业内部使用。,正确,错误,,,,A
369,评茶员初赛理论题库,true_false,判断题,企业标准需经县（含县）以上标准化行政主管部门备案，有效期 1 年。,正确,错误,,,,B
370,评茶员初赛理论题库,true_false,判断题,对审评条件的了解和对审评设备的使用熟练程度，是评茶人员专业水平高低的一种反应。,正确,错误,,,,A
371,评茶员初赛理论题库,true_false,判断题,审评杯碗盖杯碗的厚薄大小和色泽都要求一致。,正确,错误,,,,A
372,评茶员初赛理论题库,true_false,判断题,审评杯、碗是配套的，用于审评精茶和毛茶的杯碗若规格不一，则不能交叉匹配使用。,正确,错误,,,,A
373,评茶员初赛理论题库,true_false,判断题,茶叶标准样主要分外销茶收购标准样和内销茶收购标准样。,正确,错误,,,,B
374,评茶员初赛理论题库,true_false,判断题,为了正常表现出茶叶的感官品质，确保审评结果的重现，使用的器具必须精致。,正确,错误,,,,B
375,评茶员初赛理论题库,true_false,判断题,在对某些紧压成型前的茶样进行审评时，有时并无特定的要求，只要保持茶与水比例为1：60（克/毫升）即可。,正确,错误,,,,B
376,评茶员初赛理论题库,true_false,判断题,网匙用于捞取审评碗茶汤中的碎片茶末，用细密的 50 目左右不锈钢或铜线制作。,正确,错误,,,,B
377,评茶员初赛理论题库,true_false,判断题,在某些紧压茶的审评中，由于茶样数量较大，因为审评杯（碗）的容积也较大，比如评茶杯为 310 毫升，评茶碗为 380 毫升。,正确,错误,,,,A
378,评茶员初赛理论题库,true_false,判断题,对于专业评茶人员而言，一只茶样的感官审评在 5 分钟内即可完成。,正确,错误,,,,B
379,评茶员初赛理论题库,true_false,判断题,蒸青绿茶以鲜嫩带花香、海藻香、清香为上品。,正确,错误,,,,A
380,评茶员初赛理论题库,true_false,判断题,审评时的冲泡用水要求透明洁净，使用偏酸性的水冲泡，有利于茶叶品质的良好表现。,正确,错误,,,,B
381,评茶员初赛理论题库,true_false,判断题,审评滇红工夫毛茶和精制茶，在对照标准样的基础上，抓住嫩度是重点。嫩度是滇红内在品质的客观标准。,正确,错误,,,,A
382,评茶员初赛理论题库,true_false,判断题,小种红茶审评中重点是松烟香的浓郁程度，带有柴烟气味的为劣质产品。,正确,错误,,,,A
383,评茶员初赛理论题库,true_false,判断题,红碎茶在初制中经过揉切，有利于制茶对多酚的氧化和冲泡时茶汁的浸出。,正确,错误,,,,A
384,评茶员初赛理论题库,true_false,判断题,条形红毛茶的外形审评主要以嫩度、条索和整碎为主，以净度为辅。,正确,错误,,,,B
385,评茶员初赛理论题库,true_false,判断题,武夷岩茶晒青翻拌时不可用手接触叶子，以免损伤青叶造成死青。,正确,错误,,,,A
386,评茶员初赛理论题库,true_false,判断题,武夷岩茶鲜叶采摘时间以上午 10-12 时最佳。,正确,错误,,,,B
387,评茶员初赛理论题库,true_false,判断题,闽南乌龙在一年中以凉爽、晴朗的秋、冬季气候制茶最好，春节次之，暑季最差。,正确,错误,,,,A
388,评茶员初赛理论题库,true_false,判断题,足火后的岩茶还要进行文火慢炖的吃火过程以增进汤色。,正确,错误,,,,A
389,评茶员初赛理论题库,true_false,判断题,乌龙茶精制加工取料时，特级、一级产品以秋茶为主要原料。,正确,错误,,,,B
390,评茶员初赛理论题库,true_false,判断题,武夷岩茶相制时对取料毛茶要求加工前，先做好定级归堆和拼配。,正确,错误,,,,A
391,评茶员初赛理论题库,true_false,判断题,乌龙茶炒青时温度不足，成品茶青气重，香气不高。,正确,错误,,,,A
392,评茶员初赛理论题库,true_false,判断题,乌龙茶鲜叶晒青不足，成品茶颜色较好。,正确,错误,,,,B
393,评茶员初赛理论题库,true_false,判断题,日晒气较重的乌龙茶茶叶，评定等级后，按次级给价。,正确,错误,,,,A
394,评茶员初赛理论题库,true_false,判断题,乌龙茶鲜叶质量有季节性变化，其中香气组成总量以冬季最高。,正确,错误,,,,B
395,评茶员初赛理论题库,true_false,判断题,乌龙茶通过晾青，促进香气的分解与释放，形成乌龙茶香气成分。,正确,错误,,,,B
396,评茶员初赛理论题库,true_false,判断题,岩茶毛火时，采用高温快速烘焙法。,正确,错误,,,,A
397,评茶员初赛理论题库,true_false,判断题,奇种等品种节间短、叶质薄、含水量少，其烘焙温度可酌情低些。,正确,错误,,,,A
398,评茶员初赛理论题库,true_false,判断题,青茶的制造工艺有晒青、做青、杀青、揉捻、干燥五道工序。,正确,错误,,,,A
399,评茶员初赛理论题库,true_false,判断题,同样的品种，在不同的地理位置种植，所产乌龙茶品质风味没有差异。,正确,错误,,,,B
400,评茶员初赛理论题库,true_false,判断题,乌龙茶晒青是一种日光萎凋方式，萎凋程度较轻，质量好坏会影响下一个工序的操作和成茶的质量。,正确,错误,,,,A
401,评茶员初赛理论题库,true_false,判断题,水仙等品种梗、叶粗大肥厚、含水量大，其烘焙温度可高些。,正确,错误,,,,A
402,评茶员初赛理论题库,true_false,判断题,适制乌龙茶的品种，鲜叶上都有较厚的角质层，角质层外被有蜡质层，在加工过程中，蜡质层的分解与转化，产生香气成分，是乌龙茶香气来源之一。,正确,错误,,,,A
403,评茶员初赛理论题库,true_false,判断题,"“泛红是绿茶汤色审评术语,多用于杀青温度过低或鲜叶堆积过厚、时间过久、茶多酚产生酶促氧化的绿茶。也可作为叶底审评的术语。",正确,错误,,,,A
404,评茶员初赛理论题库,true_false,判断题,精制绿茶主要供出口是在青茶的基础上过筛分、风选、拣剔、拼配等工序进一步加工的产品。,正确,错误,,,,B
405,评茶员初赛理论题库,true_false,判断题,绿茶加工时，如是鲜叶是雨水叶或为及时烘干的半成品堆闷时间过久，会导致产品带有兰花香味。,正确,错误,,,,B
406,评茶员初赛理论题库,true_false,判断题,绿茶加工时如原料采摘、杀青不当，则会导致叶茎部和叶片局部变红，出现绿叶红边的现象。,正确,错误,,,,B
407,评茶员初赛理论题库,true_false,判断题,"绿茶摊放的目的是：散发水分和青气,使叶质变硬可塑,叶色变深，生成更多如茶多酚可溶性糖等对品质有利的成分,同时减少如酯型儿茶素等成分。",正确,错误,,,,B
408,评茶员初赛理论题库,true_false,判断题,绿茶的精制作业主要内容有五项：筛分、切断和轧碎、风选、拣剔和干燥作业。,正确,错误,,,,A
409,评茶员初赛理论题库,true_false,判断题,铁观音的做青规律是摇青转数要逐次增加，静置时间要逐次延长，摊叶厚度要逐次增厚，发酵程度要逐次加深。,正确,错误,,,,A
410,评茶员初赛理论题库,true_false,判断题,乌龙茶鲜叶采摘以晴天清早最佳。,正确,错误,,,,B
411,评茶员初赛理论题库,true_false,判断题,红碎茶中第二套标准样指的是广东、广西、海南大叶种红碎茶，其评审时先看嫩度，再评汤质的浓强鲜程度。,正确,错误,,,,A
412,评茶员初赛理论题库,true_false,判断题,红碎茶加奶审评滋味由强到弱、内质由好到差，乳色的表现为粉红、棕黄、黄褐、姜黄、乳白。,正确,错误,,,,A
413,评茶员初赛理论题库,true_false,判断题,审评中对凤凰单丛茶滋味要求醇厚，回甘力强。,正确,错误,,,,B
414,评茶员初赛理论题库,true_false,判断题,川红工夫主产于四川宜宾市，属于小叶种工夫红茶。,正确,错误,,,,A
415,评茶员初赛理论题库,true_false,判断题,绿茶感官审评时，根据需要对茶样做出客观的评语和评论，评语和评论既可单独使用也可以结合运用。,正确,错误,,,,B
416,评茶员初赛理论题库,true_false,判断题,绿茶香气审评术语“板栗香”可通用于加工制作中火工过度的名优或高档绿茶及各个品种茶。,正确,错误,,,,B
417,评茶员初赛理论题库,true_false,判断题,初制绿茶在滋味审评时，以淡、苦、粗、涩为差，出现有烟焦、霉气等异味为次品或劣变茶。,正确,错误,,,,A
418,评茶员初赛理论题库,true_false,判断题,栗子香味是原料或成品经阳光烤晒所致的一种茶叶风味特征，对于晒青绿茶这种特征是品质正常的表现。,正确,错误,,,,B
419,评茶员初赛理论题库,true_false,判断题,茶黄素、茶红素、茶褐素三者的含量及其比例间接影响到红茶汤色的色泽及滋味。,正确,错误,,,,B
420,评茶员初赛理论题库,true_false,判断题,红毛茶内质判定时的四项因子中香气和滋味是主要因子。,正确,错误,,,,A
421,评茶员初赛理论题库,true_false,判断题,岭头单丛的香气体现为浓郁花香型。,正确,错误,,,,B
422,评茶员初赛理论题库,true_false,判断题,乌龙茶茶汤色泽主要决定于其花青素含量。,正确,错误,,,,B
423,评茶员初赛理论题库,true_false,判断题,祁门红毛茶划分位 5 个级别。,正确,错误,,,,B
424,评茶员初赛理论题库,true_false,判断题,夏、秋季制的轻发酵红碎茶，加入牛乳后，乳色大多有粉红色的特点。,正确,错误,,,,A
425,评茶员初赛理论题库,true_false,判断题,九曲红梅的品质特点是外形肥壮显金毫、色泽棕褐，内质香气浓郁、滋味浓醇回甘、汤色红艳。,正确,错误,,,,B
426,评茶员初赛理论题库,true_false,判断题,珠茶内质滋味审评时，主要审评滋味的浓、醇涩、爽钝，以味浓醇厚为滋味品质好，粗涩为差，欠纯带烟闷味为劣质品。,正确,错误,,,,A
427,评茶员初赛理论题库,true_false,判断题,经辉炒提毫的中、高档精制绿茶其干茶茶条表面光洁，带银灰色光泽，通常使用起霜这一色泽审评术语进行描述。,正确,错误,,,,B
428,评茶员初赛理论题库,true_false,判断题,质量好的初制绿茶内质审评时，呈现出汤色清澈明亮，而低档次茶则呈现出汤色欠明亮的特点。,正确,错误,,,,A
429,评茶员初赛理论题库,true_false,判断题,坦洋工夫红茶的品质特点是外形肥壮显金毫、色泽棕褐，内质香气浓郁、滋味浓醇回甘、汤色红艳。,正确,错误,,,,B
430,评茶员初赛理论题库,true_false,判断题,宁红工夫主产于江西省修水县，武宁、铜鼓县也有生产，其品质于祁红工夫接近。,正确,错误,,,,A
431,评茶员初赛理论题库,true_false,判断题,高档凤凰单丛茶应有蜜韵风格。,正确,错误,,,,B
432,评茶员初赛理论题库,true_false,判断题,工夫红茶外形条索细嫩紧直，匀齐、色泽乌润，香气馥郁，滋味醇甜，汤色叶底红而明亮，具有形、质兼品质特征。,正确,错误,,,,A
433,评茶员初赛理论题库,true_false,判断题,乌龙茶审评侧重于外形的条索与色泽。,正确,错误,,,,B
434,评茶员初赛理论题库,true_false,判断题,乌龙茶审评侧重于内质的香气、滋味。,正确,错误,,,,A
435,评茶员初赛理论题库,true_false,判断题,梅占外形壮大结实，香气与铁观音相似，品质差异不大。,正确,错误,,,,B
436,评茶员初赛理论题库,true_false,判断题,文山包种茶外形是条形。,正确,错误,,,,A
437,评茶员初赛理论题库,true_false,判断题,红茶汤色要求红艳明亮，红茶汤色由各种水溶性有色物质组成。,正确,错误,,,,B
438,评茶员初赛理论题库,true_false,判断题,云南红茶简称滇红，属红茶类，创制于民国年间，产于云南省南部与西南部的临沧、保山、凤庆、西双版纳、德宏等地，以大叶种红碎茶拼配形成。,正确,错误,,,,A
439,评茶员初赛理论题库,true_false,判断题,小种红茶外形较松，色泽黑而枯。,正确,错误,,,,A
440,评茶员初赛理论题库,true_false,判断题,描述乌龙茶茶条肥壮紧结的外形的术语为蜻蜓头。,正确,错误,,,,B
441,评茶员初赛理论题库,true_false,判断题,审评青茶（乌龙茶）的碗比常规的审评碗略大。,正确,错误,,,,B
442,评茶员初赛理论题库,true_false,判断题,青茶的色、香、味、形主要在精制过程中产生。,正确,错误,,,,B
443,评茶员初赛理论题库,true_false,判断题,闽南乌龙和台湾冻顶乌龙的形状为直条形。,正确,错误,,,,B
444,评茶员初赛理论题库,true_false,判断题,白琳工夫主产于福鼎市，为小叶种工夫红茶。,正确,错误,,,,A
445,评茶员初赛理论题库,true_false,判断题,鲜度是红碎茶的品质风格。,正确,错误,,,,B
446,评茶员初赛理论题库,true_false,判断题,闽北乌龙各品种评定级别，其火候均要求高级茶充足，低级茶足。,正确,错误,,,,B
447,评茶员初赛理论题库,true_false,判断题,细嫩多用于大叶种高档春季产的工夫红茶的外形描述。,正确,错误,,,,B
448,评茶员初赛理论题库,true_false,判断题,绿茶感观品质审评时常见的滋味有浓烈、浓爽、浓醇、浓鲜、鲜、鲜醇、清鲜、鲜爽、醇和、平和等。,正确,错误,,,,A
449,评茶员初赛理论题库,true_false,判断题,黄绿指绿为主，绿中带黄，有新鲜感。是绿茶干茶色泽的审评术语，也可作为汤色和叶底的审评术语。,正确,错误,,,,A
450,评茶员初赛理论题库,true_false,判断题,嫩匀指细嫩，形态大小一致。是绿茶干茶色泽的审评术语，多用于低档次绿茶，也可作为香气的审评术语。,正确,错误,,,,B
451,评茶员初赛理论题库,true_false,判断题,描述乌龙茶干茶色泽似桂皮绿而有光泽的术语是褐绿。,正确,错误,,,,B
452,评茶员初赛理论题库,true_false,判断题,糙米色是绿茶干茶色泽的审评术语，与茶叶自然品质有关，是早春浙江新春新昌地区特级西湖龙井的干茶外形色泽。,正确,错误,,,,B
453,评茶员初赛理论题库,true_false,判断题,扁削指扁平而尖峰显露，扁茶边缘如刀削过一样整齐，不起丝毫皱折，是绿茶干茶外形审评术语。多用于中、高档有此造型的精制或初制绿茶。,正确,错误,,,,A
454,评茶员初赛理论题库,true_false,判断题,细紧是绿茶干茶外形审评术语，多用于上档扁平绿茶。,正确,错误,,,,B
455,评茶员初赛理论题库,true_false,判断题,双杯找对审评技术主要考察审评人员的嗅觉辨别能力和味觉辨别能力。,正确,错误,,,,A
456,评茶员初赛理论题库,true_false,判断题,对照茶叶标准样进行茶叶感官审评，即为“对样评茶”。,正确,错误,,,,A
457,评茶员初赛理论题库,true_false,判断题,现在全国性的毛茶收购标准样基本上无部门制定。,正确,错误,,,,A
458,评茶员初赛理论题库,true_false,判断题,初制绿茶滋味审评以浓、醇、鲜、甜为好，淡、苦、粗、涩为差。,正确,错误,,,,A
459,评茶员初赛理论题库,true_false,判断题,审评名优绿茶强调香气新鲜、香型高雅悦鼻、余香经久不散为好。,正确,错误,,,,A
460,评茶员初赛理论题库,true_false,判断题,名优绿茶滋味强调鲜和醇的协调感，越浓越好。,正确,错误,,,,B
461,评茶员初赛理论题库,true_false,判断题,名优绿茶审评叶底应注重芽叶的完整性、嫩度和匀齐度。,正确,错误,,,,A
462,评茶员初赛理论题库,true_false,判断题,部分名优绿茶为追求嫩度和造型，往往使用单芽加工，这可能会造成香气、滋味的淡薄。,正确,错误,,,,A
463,评茶员初赛理论题库,true_false,判断题,绿茶外型评语中紧结是指：茶叶卷紧结实，其嫩度稍高于细紧。,正确,错误,,,,B
464,评茶员初赛理论题库,true_false,判断题,红茶外型评语中金毫是指：高档茶中的毫尖茶。多见于祁红。,正确,错误,,,,B
465,评茶员初赛理论题库,true_false,判断题,红茶汤色评语中金黄是指：有黄金般的光泽。常见于发酵重的茶汤。,正确,错误,,,,B
466,评茶员初赛理论题库,true_false,判断题,红茶汤色评语中红褐是指：汤色褐中泛红。多用于描述氧化过度的高档红茶。,正确,错误,,,,B
467,评茶员初赛理论题库,true_false,判断题,红茶滋味常用评语中浓强是指：味浓，富有刺激性。多见于小叶种红碎茶。,正确,错误,,,,B
468,评茶员初赛理论题库,true_false,判断题,红茶萎凋程度轻、时间短、发酵不足或花青素含量高的紫芽种鲜叶为原料等，都会产生生涩味。,正确,错误,,,,A
469,评茶员初赛理论题库,true_false,判断题,乌龙茶常用评茶术语中金黄是指：茶汤清澈，以黄为主带有橙色。,正确,错误,,,,A
470,评茶员初赛理论题库,true_false,判断题,白茶干茶色泽评语中黄绿是指：呈草绿色。是白茶正常色泽。,正确,错误,,,,B
471,评茶员初赛理论题库,true_false,判断题,白茶香气评语中青臭气是指：白茶萎凋不足或火功不够，有青草气。,正确,错误,,,,A
472,评茶员初赛理论题库,true_false,判断题,白茶叶底评语暗张是指：色暗黑，多为雨天制茶形成死青。,正确,错误,,,,A
473,评茶员初赛理论题库,true_false,判断题,白茶品质缺陷中评语毫色黄，是与干燥温度偏高有关。,正确,错误,,,,A
474,评茶员初赛理论题库,true_false,判断题,多数在通花不及时或堆温过高鲜花受损、使茶坯在湿热情况下产生的不良气味。,正确,错误,,,,A
475,评茶员初赛理论题库,true_false,判断题,微：一般多在某方面有点儿不足或不正常时用。,正确,错误,,,,B
476,评茶员初赛理论题库,true_false,判断题,使用综合评定法审评茶叶，要先分清茶类，明确该类茶的品质要求和审评的侧重点。,正确,错误,,,,A
477,评茶员初赛理论题库,true_false,判断题,凤眉分为特级、一级、二级和不分级。,正确,错误,,,,B
478,评茶员初赛理论题库,true_false,判断题,红碎茶第一套样，适用于云南的红碎茶，共有 17 个花色，设 14 个标准样。,正确,错误,,,,A
479,评茶员初赛理论题库,true_false,判断题,凤凰单丛茶依据品质不同可分为四个级型，分别是特级、一级、二级、三级。,正确,错误,,,,B
480,评茶员初赛理论题库,true_false,判断题,乌龙茶精制加工时在取料上，特级、一级产品以春茶为主要原料，三级、四级产品以夏暑茶为主要原料。,正确,错误,,,,A
481,评茶员初赛理论题库,true_false,判断题,GB/T13738.2《工夫红茶》大叶种工夫红茶条索尚紧实应评定为四级茶。,正确,错误,,,,A
482,评茶员初赛理论题库,true_false,判断题,特级凤凰水仙的外形描述是较挺直肥硕，色泽黄褐似鳝鱼皮色。,正确,错误,,,,B
483,评茶员初赛理论题库,true_false,判断题,通过对外形与内质的审评，确定一个产品的等级应对照标准样。,正确,错误,,,,A
484,评茶员初赛理论题库,true_false,判断题,在审评中，使用百分制记分，可将各因子按品质的优、中、次分为 3 档，分别以 95、85、75 为中准。,正确,错误,,,,B
485,评茶员初赛理论题库,true_false,判断题,白毫银针，外形芽针肥壮茸毛厚，色泽银灰白富有光泽，匀净。给 95±4 分。,正确,错误,,,,B
486,评茶员初赛理论题库,true_false,判断题,大宗绿茶的制作中为追求绿色，不经摊放或适度揉捻，降低了茶叶内含物质的转化程度，常会出现香味生青。,正确,错误,,,,B
487,评茶员初赛理论题库,true_false,判断题,名优绿茶在加工、贮藏过程中处理不当往往会导致异味污染。,正确,错误,,,,A
488,评茶员初赛理论题库,true_false,判断题,红茶“浑浊”，形成品质弊病的原因是萎凋偏重。,正确,错误,,,,B
489,评茶员初赛理论题库,true_false,判断题,红茶滋味淡，是因为水浸出物含量低，多见于粗老红茶。,正确,错误,,,,A
490,评茶员初赛理论题库,true_false,判断题,“发酵气”是红茶的一种风味弊病。,正确,错误,,,,B
491,评茶员初赛理论题库,true_false,判断题,普洱茶产生“酸气”，形成品质弊病的原因是干燥温度偏高。,正确,错误,,,,B
492,评茶员初赛理论题库,true_false,判断题,白茶香气审评中指白茶萎凋不足或火工不够，有青草气。,正确,错误,,,,A
493,评茶员初赛理论题库,true_false,判断题,口岸公司对成品验收审评一般采用五级标准制，评定品质等级。,正确,错误,,,,A
494,评茶员初赛理论题库,true_false,判断题,凤凰单丛，香气因子得分为 90 分，按百分制记分法，该项因子得分应为 18。,正确,错误,,,,B
495,评茶员初赛理论题库,true_false,判断题,按现行茶叶感官审评国家标准，按总分百分计，乌龙茶审评时，其外形、汤色、香气、滋味、叶底各占 20、5、30、35、10。,正确,错误,,,,A
496,评茶员初赛理论题库,true_false,判断题,铁观音既是茶名，又是茶树品种名，因身骨沉重如铁，外形美似观音而得名。,正确,错误,,,,A
497,评茶员初赛理论题库,true_false,判断题,乌龙茶的外形色泽以砂绿、蜜黄油润、深绿、深绿油润为好。,正确,错误,,,,A
498,评茶员初赛理论题库,true_false,判断题,凤凰单丛茶具有“一早二奇”的特点，又称“透天香”。成品茶外形条索卷曲， 色泽黄绿油润，细秀匀整美观。,正确,错误,,,,B
499,评茶员初赛理论题库,true_false,判断题,白茶级别可依照茶叶的采摘标准的区别以及加工制作工艺方面的不同，分为白毫银针、白牡丹、贡眉、寿眉、新工艺白茶。,正确,错误,,,,A
500,评茶员初赛理论题库,true_false,判断题,名优茶评比计分，一般采用百分制记分。,正确,错误,,,,A